"cohProportion","cohLabel","isPol"
0.625832906201948,"cohZimmSt1Pol",1
0.633629191321499,"cohZimmSt1Pol",1
0.595611285266458,"cohZimmSt1Pol",1
0.7201540436457,"cohZimmSt1Pol",1
0.610480821177742,"cohZimmSt1Pol",1
0.6007866273353,"cohZimmSt1Pol",1
0.57243816254417,"cohZimmSt1Pol",1
0.578051087984863,"cohZimmSt1Pol",1
0.634328358208955,"cohZimmSt1Pol",1
0.523009950248756,"cohZimmSt1Pol",1
0.562430939226519,"cohZimmSt1NonPol",0
0.543236074270557,"cohZimmSt1NonPol",0
0.552713987473904,"cohZimmSt1NonPol",0
0.599104143337066,"cohZimmSt1NonPol",0
0.564761405348715,"cohZimmSt1NonPol",0
0.546680497925311,"cohZimmSt1NonPol",0
0.53329602686066,"cohZimmSt1NonPol",0
0.50296442687747,"cohZimmSt1NonPol",0
0.501604278074866,"cohZimmSt1NonPol",0
0.54954954954955,"cohZimmSt1NonPol",0
0.670886075949367,"cohZimmOnlinePolA",1
0.679012345679012,"cohZimmOnlinePolA",1
0.577464788732394,"cohZimmOnlinePolA",1
0.6625,"cohZimmOnlinePolA",1
0.641975308641975,"cohZimmOnlinePolA",1
0.594936708860759,"cohZimmOnlinePolA",1
0.585714285714286,"cohZimmOnlinePolA",1
0.628205128205128,"cohZimmOnlinePolA",1
0.65,"cohZimmOnlinePolA",1
0.680555555555556,"cohZimmOnlinePolA",1
0.691358024691358,"cohZimmOnlinePolA",1
0.658536585365854,"cohZimmOnlinePolA",1
0.514285714285714,"cohZimmOnlinePolA",1
0.472222222222222,"cohZimmOnlinePolA",1
0.75,"cohZimmOnlinePolA",1
0.684931506849315,"cohZimmOnlinePolB",1
0.625,"cohZimmOnlinePolB",1
0.747126436781609,"cohZimmOnlinePolB",1
0.646341463414634,"cohZimmOnlinePolB",1
0.67816091954023,"cohZimmOnlinePolB",1
0.527027027027027,"cohZimmOnlinePolB",1
0.693333333333333,"cohZimmOnlinePolB",1
0.478260869565217,"cohZimmOnlinePolB",1
0.5,"cohZimmOnlinePolB",1
0.617977528089888,"cohZimmOnlinePolB",1
0.662650602409639,"cohZimmOnlinePolB",1
0.696629213483146,"cohZimmOnlinePolB",1
0.698795180722892,"cohZimmOnlinePolB",1
0.681818181818182,"cohZimmOnlinePolB",1
0.75609756097561,"cohZimmOnlinePolB",1
0.577464788732394,"cohZimmOnlineHedA",0
0.565789473684211,"cohZimmOnlineHedA",0
0.539473684210526,"cohZimmOnlineHedA",0
0.297297297297297,"cohZimmOnlineHedA",0
0.378378378378378,"cohZimmOnlineHedA",0
0.65,"cohZimmOnlineHedA",0
0.575,"cohZimmOnlineHedB",0
0.540540540540541,"cohZimmOnlineHedB",0
0.491228070175439,"cohZimmOnlineHedB",0
0.47887323943662,"cohZimmOnlineHedB",0
0.513513513513513,"cohZimmOnlineHedB",0
0.551724137931034,"cohZimmOnlineHedB",0
0.657142857142857,"cohZimmOnlineHedB",0
0.622641509433962,"cohZimmOnlineHedB",0
0.53125,"cohZimmOnlineHedB",0
0.537037037037037,"cohZimmOnlineHedB",0
0.809889173060529,"cohAnes2020Extended",1
0.792,"cohAnes2020Extended",1
0.636633663366337,"cohAnes2020Extended",1
0.778686362437352,"cohAnes2020Extended",1
0.717417365987327,"cohAnes2020Extended",1
0.705130333720737,"cohAnes2020Extended",1
0.718919836956522,"cohAnes2020Extended",1
0.644721529509559,"cohAnes2020Extended",1
0.677807214183819,"cohAnes2020Extended",1
0.808145766345123,"cohAnes2020Extended",1
0.717046688382193,"cohAnes2020Extended",1
0.82469659025236,"cohAnes2020Extended",1
0.809587217043941,"cohAnes2020Extended",1
0.816005983545251,"cohAnes2020Extended",1
0.643953185955787,"cohAnes2020Extended",1
0.823608496907771,"cohAnes2020Extended",1
0.7065547419182,"cohAnes2020Extended",1
0.703002950876584,"cohAnes2020Extended",1
0.75199291408326,"cohAnes2020Extended",1
0.663769123783032,"cohAnes2020Extended",1
0.694450350839889,"cohAnes2020Extended",1
0.871957671957672,"cohAnes2020Extended",1
0.753363228699552,"cohAnes2020Extended",1
0.84872770987778,"cohAnes2020Extended",1
0.868826859262151,"cohAnes2020Extended",1
0.837197452229299,"cohAnes2020Extended",1
0.627380952380952,"cohAnes2020Extended",1
0.67507218479307,"cohAnes2020Extended",1
0.718965196352131,"cohAnes2020Extended",1
0.753892897835169,"cohAnes2020Extended",1
0.536895198953858,"cohAnes2020Extended",1
0.571395240317312,"cohAnes2020Extended",1
0.894539614561028,"cohAnes2020Extended",1
0.73781388478582,"cohAnes2020Extended",1
0.899304824099431,"cohAnes2020Extended",1
0.819024497903333,"cohAnes2020Extended",1
0.360891234242158,"cohAnes2020Extended",1
0.525727500481788,"cohAnes2020Extended",1
0.599476439790576,"cohAnes2020Extended",1
0.621652639632747,"cohAnes2020Extended",1
0.357102645899794,"cohAnes2020Extended",1
0.363444886496607,"cohAnes2020Extended",1
0.680539273153576,"cohAnes2020Extended",1
0.546077684691546,"cohAnes2020Extended",1
0.659513274336283,"cohAnes2020Extended",1
0.62709590878605,"cohAnes2020Extended",1
0.717773639561349,"cohAnes2020Extended",1
0.657608695652174,"cohAnes2020Extended",1
0.692433873282756,"cohAnes2020Extended",1
0.779367318154342,"cohAnes2020Extended",1
0.800661313179027,"cohAnes2020Extended",1
0.797351755900979,"cohAnes2020Extended",1
0.773871983210913,"cohAnes2020Extended",1
0.785799380509888,"cohAnes2020Extended",1
0.821751546882437,"cohAnes2020Extended",1
0.667476348759908,"cohAnes2020Extended",1
0.709938618257803,"cohAnes2020Extended",1
0.734050730207533,"cohAnes2020Extended",1
0.79086500860316,"cohAnes2020Extended",1
0.741573033707865,"cohAnes2020Extended",1
0.66206535034073,"cohAnes2020Extended",1
0.748422834282197,"cohAnes2020Extended",1
0.73102695963846,"cohAnes2020Extended",1
0.70873786407767,"cohAnes2020Extended",1
0.631110011137236,"cohAnes2020Extended",1
0.680254584027883,"cohAnes2020Extended",1
0.73626817447496,"cohAnes2020Extended",1
0.654074199559546,"cohAnes2020Extended",1
0.736512667660209,"cohAnes2020Extended",1
0.71307889576105,"cohAnes2020Extended",1
0.67092126879818,"cohAnes2020Extended",1
0.712405141706675,"cohAnes2020Extended",1
0.790935075541037,"cohAnes2020Extended",1
0.687262028383524,"cohAnes2020Extended",1
0.773648134044174,"cohAnes2020Extended",1
0.761171032357473,"cohAnes2020Extended",1
0.931206531599637,"cohAnes2020Extended",1
0.694702790133441,"cohAnes2020Extended",1
0.66508152173913,"cohAnes2020Extended",1
0.666616878267364,"cohAnes2020Extended",1
0.678706362399879,"cohAnes2020Extended",1
0.721158337225596,"cohAnes2020Extended",1
0.694904722452361,"cohAnes2020Extended",1
0.715641540427085,"cohAnes2020Extended",1
0.717910724208187,"cohAnes2020Extended",1
0.833996023856859,"cohAnes2020Extended",1
0.9154478976234,"cohAnes2020Extended",1
0.874409820585458,"cohAnes2020Extended",1
0.784476117103236,"cohAnes2020Extended",1
0.757425742574257,"cohAnes2020Extended",1
0.882569128456423,"cohAnes2020Extended",1
0.70873786407767,"cohAnes2020Binary",1
0.736512667660209,"cohAnes2020Binary",1
0.654074199559546,"cohAnes2020Binary",1
0.631110011137236,"cohAnes2020Binary",1
0.773648134044174,"cohAnes2020Binary",1
0.687262028383524,"cohAnes2020Binary",1
0.67092126879818,"cohAnes2020Binary",1
0.784476117103236,"cohAnes2020Binary",1
0.666616878267364,"cohAnes2020Binary",1
0.66508152173913,"cohAnes2020Binary",1
0.753548895899054,"cohAnes2016Extended",1
0.753660322108346,"cohAnes2016Extended",1
0.75909661229611,"cohAnes2016Extended",1
0.713864306784661,"cohAnes2016Extended",1
0.765865195112337,"cohAnes2016Extended",1
0.679012345679012,"cohAnes2016Extended",1
0.675398976211984,"cohAnes2016Extended",1
0.662679425837321,"cohAnes2016Extended",1
0.73576512455516,"cohAnes2016Extended",1
0.626225490196078,"cohAnes2016Extended",1
0.550045085662759,"cohAnes2016Extended",1
0.6345116836429,"cohAnes2016Extended",1
0.657108361002113,"cohAnes2016Extended",1
0.622062923138192,"cohAnes2016Extended",1
0.676099426386233,"cohAnes2016Extended",1
0.623905203503349,"cohAnes2016Extended",1
0.679340937896071,"cohAnes2016Extended",1
0.701813580767609,"cohAnes2016Extended",1
0.661506276150628,"cohAnes2016Extended",1
0.730217302173022,"cohAnes2016Extended",1
0.726854219948849,"cohAnes2016Extended",1
0.707158351409978,"cohAnes2016Extended",1
0.655900621118012,"cohAnes2016Extended",1
0.615036231884058,"cohAnes2016Extended",1
0.700709219858156,"cohAnes2016Extended",1
0.721149721149721,"cohAnes2016Extended",1
0.674257425742574,"cohAnes2016Extended",1
0.737386269644334,"cohAnes2016Extended",1
0.766890380313199,"cohAnes2016Extended",1
0.736559139784946,"cohAnes2016Extended",1
0.738556338028169,"cohAnes2016Extended",1
0.675008570449092,"cohAnes2016Extended",1
0.675394427660289,"cohAnes2016Extended",1
0.658138509042788,"cohAnes2016Extended",1
0.699255583126551,"cohAnes2016Extended",1
0.66304347826087,"cohAnes2016Extended",1
0.551608579088472,"cohAnes2016Extended",1
0.634628265237776,"cohAnes2016Extended",1
0.654337592468056,"cohAnes2016Extended",1
0.630281690140845,"cohAnes2016Extended",1
0.663539445628998,"cohAnes2016Extended",1
0.639521640091116,"cohAnes2016Extended",1
0.671691003297221,"cohAnes2016Extended",1
0.677659080352996,"cohAnes2016Extended",1
0.672533580361278,"cohAnes2016Extended",1
0.68978102189781,"cohAnes2016Extended",1
0.684300341296928,"cohAnes2016Extended",1
0.711961722488038,"cohAnes2016Extended",1
0.643120960295475,"cohAnes2016Extended",1
0.589989888776542,"cohAnes2016Extended",1
0.665972944849116,"cohAnes2016Extended",1
0.758018867924528,"cohAnes2016Extended",1
0.658082191780822,"cohAnes2016Extended",1
0.727430555555556,"cohAnes2016Extended",1
0.759423972892842,"cohAnes2016Extended",1
0.784769539078156,"cohAnes2016Extended",1
0.716750313676286,"cohAnes2016Extended",1
0.682432432432432,"cohAnes2016Extended",1
0.748703629836458,"cohAnes2016Extended",1
0.639179954441913,"cohAnes2016Extended",1
0.651508887970236,"cohAnes2016Extended",1
0.644083384426732,"cohAnes2016Extended",1
0.673076923076923,"cohAnes2016Extended",1
0.625537139349294,"cohAnes2016Extended",1
0.715562779357985,"cohAnes2016Extended",1
0.589713388299961,"cohAnes2016Extended",1
0.705943691345151,"cohAnes2016Extended",1
0.704516129032258,"cohAnes2016Extended",1
0.730949340144742,"cohAnes2016Extended",1
0.638225255972696,"cohAnes2016Extended",1
0.70748015043878,"cohAnes2016Extended",1
0.706825232678387,"cohAnes2016Extended",1
0.710642040457344,"cohAnes2016Extended",1
0.629426644182125,"cohAnes2016Extended",1
0.722875226039783,"cohAnes2016Extended",1
0.814588235294118,"cohAnes2016Extended",1
0.703687445127305,"cohAnes2016Extended",1
0.76343026121242,"cohAnes2016Extended",1
0.669475655430712,"cohAnes2016Extended",1
0.811769991015274,"cohAnes2016Extended",1
0.683812949640288,"cohAnes2016Extended",1
0.683579985905567,"cohAnes2016Extended",1
0.679834634818558,"cohAnes2016Extended",1
0.825,"cohAnes2016Extended",1
0.657372400756144,"cohAnes2016Extended",1
0.492621222768798,"cohAnes2016Extended",1
0.598176718092567,"cohAnes2016Extended",1
0.73015873015873,"cohAnes2016Extended",1
0.612781954887218,"cohAnes2016Extended",1
0.740140227870289,"cohAnes2016Extended",1
0.641304347826087,"cohAnes2016Extended",1
0.725567620927937,"cohAnes2016Extended",1
0.720559845559846,"cohAnes2016Extended",1
0.7107677450507,"cohAnes2016Extended",1
0.830206378986867,"cohAnes2016Extended",1
0.786674459380479,"cohAnes2016Extended",1
0.733266733266733,"cohAnes2016Extended",1
0.72757793764988,"cohAnes2016Extended",1
0.58169238956892,"cohAnes2016Extended",1
0.67953667953668,"cohAnes2016Extended",1
0.699097291875627,"cohAnes2016Extended",1
0.658892128279883,"cohAnes2016Extended",1
0.64265668849392,"cohAnes2016Extended",1
0.656576576576577,"cohAnes2016Extended",1
0.640520576855434,"cohAnes2016Extended",1
0.671752196024041,"cohAnes2016Extended",1
0.561786085150571,"cohAnes2016Extended",1
0.595602294455067,"cohAnes2016Extended",1
0.729663394109397,"cohAnes2016Extended",1
0.689013689013689,"cohAnes2016Extended",1
0.526984126984127,"cohAnes2016Extended",1
0.727355484751934,"cohAnes2016Extended",1
0.496145124716553,"cohAnes2016Extended",1
0.654050857480781,"cohAnes2016Extended",1
0.622484045164458,"cohAnes2016Extended",1
0.605288932419197,"cohAnes2016Extended",1
0.537754114230397,"cohAnes2016Extended",1
0.597992351816444,"cohAnes2016Extended",1
0.575268817204301,"cohAnes2016Extended",1
0.687037949728931,"cohAnes2016Extended",1
0.514918190567854,"cohAnes2016Extended",1
0.690673575129534,"cohAnes2016Extended",1
0.720604099244876,"cohAnes2016Extended",1
0.737616478666013,"cohAnes2016Extended",1
0.710435779816514,"cohAnes2016Extended",1
0.734882131875641,"cohAnes2016Extended",1
0.674232309746328,"cohAnes2016Extended",1
0.707494646680942,"cohAnes2016Extended",1
0.77729044834308,"cohAnes2016Extended",1
0.61012548680225,"cohAnes2016Extended",1
0.469510163278907,"cohAnes2016Extended",1
0.61198003327787,"cohAnes2016Extended",1
0.754010695187166,"cohAnes2016Extended",1
0.611555555555556,"cohAnes2016Extended",1
0.790852390852391,"cohAnes2016Extended",1
0.688487584650113,"cohAnes2016Extended",1
0.769230769230769,"cohAnes2016Extended",1
0.81167949298325,"cohAnes2016Extended",1
0.779244424214838,"cohAnes2016Extended",1
0.828877005347594,"cohAnes2016Extended",1
0.8,"cohAnes2016Extended",1
0.741321921065145,"cohAnes2016Extended",1
0.775885253249664,"cohAnes2016Extended",1
0.644488579940417,"cohAnes2016Extended",1
0.73719262295082,"cohAnes2016Extended",1
0.644736842105263,"cohAnes2016Extended",1
0.694668820678514,"cohAnes2016Extended",1
0.702989869038794,"cohAnes2016Extended",1
0.652203621455415,"cohAnes2016Extended",1
0.626510721247563,"cohAnes2016Extended",1
0.618914185639229,"cohAnes2016Extended",1
0.589034329464065,"cohAnes2016Extended",1
0.669380705650136,"cohAnes2016Extended",1
0.605497771173848,"cohAnes2016Extended",1
0.630666666666667,"cohAnes2016Extended",1
0.637860082304527,"cohAnes2016Extended",1
0.644395604395604,"cohAnes2016Extended",1
0.685745140388769,"cohAnes2016Extended",1
0.698233215547703,"cohAnes2016Extended",1
0.687188612099644,"cohAnes2016Extended",1
0.677889621659146,"cohAnes2016Extended",1
0.662092624356775,"cohAnes2016Extended",1
0.683124539425203,"cohAnes2016Extended",1
0.634241245136187,"cohAnes2016Extended",1
0.631067961165049,"cohAnes2016Extended",1
0.691966088009689,"cohAnes2016Extended",1
0.639941154836337,"cohAnes2016Extended",1
0.667662116040956,"cohAnes2016Extended",1
0.618649732620321,"cohAnes2016Extended",1
0.648669201520913,"cohAnes2016Extended",1
0.615095628415301,"cohAnes2016Extended",1
0.571601062545279,"cohAnes2016Extended",1
0.635640221847118,"cohAnes2016Extended",1
0.584443905984977,"cohAnes2016Extended",1
0.596927100359595,"cohAnes2016Extended",1
0.628101736972705,"cohAnes2016Extended",1
0.589446589446589,"cohAnes2016Extended",1
0.616684266103485,"cohAnes2016Extended",1
0.646447140381282,"cohAnes2016Extended",1
0.651203348447855,"cohAnes2016Extended",1
0.647158897584212,"cohAnes2016Extended",1
0.657839428331232,"cohAnes2016Extended",1
0.656137832017229,"cohAnes2016Extended",1
0.607389502762431,"cohAnes2016Extended",1
0.563401670463174,"cohAnes2016Extended",1
0.642237982663515,"cohAnes2016Extended",1
0.659834591873427,"cohAnes2016Extended",1
0.616701461377871,"cohAnes2016Extended",1
0.639105058365759,"cohAnes2016Extended",1
0.588261449533126,"cohAnes2016Extended",1
0.585609593604264,"cohAnes2016Extended",1
0.577652144995012,"cohAnes2016Extended",1
0.607869289763254,"cohAnes2016Extended",1
0.640404929577465,"cohAnes2016Extended",1
0.572819644369179,"cohAnes2016Extended",1
0.61994301994302,"cohAnes2016Extended",1
0.619626168224299,"cohAnes2016Extended",1
0.6364896073903,"cohAnes2016Extended",1
0.601021830004645,"cohAnes2016Extended",1
0.633090246125798,"cohAnes2016Extended",1
0.668361581920904,"cohAnes2016Extended",1
0.657429526994744,"cohAnes2016Extended",1
0.598729005901044,"cohAnes2016Extended",1
0.649131513647643,"cohAnes2016Extended",1
0.69396110542477,"cohAnes2016Extended",1
0.642686993806575,"cohAnes2016Extended",1
0.664509169363538,"cohAnes2016Extended",1
0.607089365951073,"cohAnes2016Extended",1
0.40919452887538,"cohAnes2016Extended",1
0.527893738140418,"cohAnes2016Extended",1
0.729309035687168,"cohAnes2016Extended",1
0.519879214896829,"cohAnes2016Extended",1
0.774008600095557,"cohAnes2016Extended",1
0.569480519480519,"cohAnes2016Extended",1
0.671232876712329,"cohAnes2016Extended",1
0.692226890756303,"cohAnes2016Extended",1
0.705575820739969,"cohAnes2016Extended",1
0.780524722502523,"cohAnes2016Extended",1
0.800249687890137,"cohAnes2016Extended",1
0.666307857911733,"cohAnes2016Extended",1
0.733676092544987,"cohAnes2016Extended",1
0.495769881556684,"cohAnes2016Extended",1
0.599763173475429,"cohAnes2016Extended",1
0.659551760939168,"cohAnes2016Extended",1
0.583797155225727,"cohAnes2016Extended",1
0.517747440273038,"cohAnes2016Extended",1
0.585573324259952,"cohAnes2016Extended",1
0.606898907103825,"cohAnes2016Extended",1
0.600734281780633,"cohAnes2016Extended",1
0.608583690987125,"cohAnes2016Extended",1
0.585823081429408,"cohAnes2016Extended",1
0.609709662065683,"cohAnes2016Extended",1
0.636535731187885,"cohAnes2016Extended",1
0.612735849056604,"cohAnes2016Extended",1
0.619378766805749,"cohAnes2016Extended",1
0.602094240837696,"cohAnes2016Extended",1
0.605612998522895,"cohAnes2016Extended",1
0.587739822180627,"cohAnes2016Extended",1
0.541882109617373,"cohAnes2016Extended",1
0.6144,"cohAnes2016Extended",1
0.608055009823183,"cohAnes2016Extended",1
0.63794068270845,"cohAnes2016Extended",1
0.657197881559942,"cohAnes2016Extended",1
0.409431680773881,"cohAnes2016Extended",1
0.71753986332574,"cohAnes2016Extended",1
0.336009882643607,"cohAnes2016Extended",1
0.592735042735043,"cohAnes2016Extended",1
0.518791710572532,"cohAnes2016Extended",1
0.478260869565217,"cohAnes2016Extended",1
0.387904066736184,"cohAnes2016Extended",1
0.447314751869477,"cohAnes2016Extended",1
0.445515507124895,"cohAnes2016Extended",1
0.569027181688126,"cohAnes2016Extended",1
0.372549019607843,"cohAnes2016Extended",1
0.709421112372304,"cohAnes2016Extended",1
0.659323367427223,"cohAnes2016Extended",1
0.617784152025816,"cohAnes2016Extended",1
0.668882426256751,"cohAnes2016Extended",1
0.500241312741313,"cohAnes2016Extended",1
0.643506493506493,"cohAnes2016Extended",1
0.5253612050415,"cohAnes2016Extended",1
0.615450277422108,"cohAnes2016Extended",1
0.639608117564731,"cohAnes2016Extended",1
0.632068965517241,"cohAnes2016Extended",1
0.582409972299169,"cohAnes2016Extended",1
0.597627118644068,"cohAnes2016Extended",1
0.547738693467337,"cohAnes2016Extended",1
0.644055694394859,"cohAnes2016Extended",1
0.526424159231297,"cohAnes2016Extended",1
0.644394110985277,"cohAnes2016Extended",1
0.65921568627451,"cohAnes2016Extended",1
0.606733524355301,"cohAnes2016Extended",1
0.633084577114428,"cohAnes2016Extended",1
0.520928711576194,"cohAnes2016Extended",1
0.73312693498452,"cohAnes2016Extended",1
0.592082616179002,"cohAnes2016Extended",1
0.666431842197957,"cohAnes2016Extended",1
0.690896503980616,"cohAnes2016Extended",1
0.700523560209424,"cohAnes2016Extended",1
0.730061349693252,"cohAnes2016Extended",1
0.712121212121212,"cohAnes2016Extended",1
0.629363080244692,"cohAnes2016Extended",1
0.69313082499137,"cohAnes2016Extended",1
0.514242309153057,"cohAnes2016Extended",1
0.596055226824458,"cohAnes2016Extended",1
0.566390788053257,"cohAnes2016Extended",1
0.610438413361169,"cohAnes2016Extended",1
0.442044038221853,"cohAnes2016Extended",1
0.653415453527436,"cohAnes2016Extended",1
0.641249425815342,"cohAnes2016Extended",1
0.613168724279835,"cohAnes2016Extended",1
0.506229810798339,"cohAnes2016Extended",1
0.59882935614588,"cohAnes2016Extended",1
0.539709172259508,"cohAnes2016Extended",1
0.663704396632367,"cohAnes2016Extended",1
0.505941499085923,"cohAnes2016Extended",1
0.708804722085588,"cohAnes2016Extended",1
0.726062467997952,"cohAnes2016Extended",1
0.651053864168618,"cohAnes2016Extended",1
0.72790202342918,"cohAnes2016Extended",1
0.572544642857143,"cohAnes2016Extended",1
0.685201793721973,"cohAnes2016Extended",1
0.733391992960845,"cohAnes2016Extended",1
0.798934753661784,"cohAnes2016Extended",1
0.763123644251627,"cohAnes2016Extended",1
0.778775079197466,"cohAnes2016Extended",1
0.644983967017865,"cohAnes2016Extended",1
0.751856705985146,"cohAnes2016Extended",1
0.449902723735409,"cohAnes2016Extended",1
0.563894523326572,"cohAnes2016Extended",1
0.565819861431871,"cohAnes2016Extended",1
0.547798066595059,"cohAnes2016Extended",1
0.70045615813482,"cohAnes2016Extended",1
0.685467479674797,"cohAnes2016Extended",1
0.641499743194658,"cohAnes2016Extended",1
0.6905,"cohAnes2016Extended",1
0.625236593059937,"cohAnes2016Extended",1
0.659185803757829,"cohAnes2016Extended",1
0.65206316861946,"cohAnes2016Extended",1
0.632631010264722,"cohAnes2016Extended",1
0.698349459305635,"cohAnes2016Extended",1
0.581637976004173,"cohAnes2016Extended",1
0.645276292335116,"cohAnes2016Extended",1
0.83574297188755,"cohAnes2016Extended",1
0.748538011695906,"cohAnes2016Extended",1
0.772856562373019,"cohAnes2016Extended",1
0.690378710337769,"cohAnes2016Extended",1
0.710920770877944,"cohAnes2016Extended",1
0.70156636438582,"cohAnes2016Extended",1
0.603790613718412,"cohAnes2016Extended",1
0.695407685098407,"cohAnes2016Extended",1
0.57105719237435,"cohAnes2016Extended",1
0.661859771258081,"cohAnes2016Extended",1
0.782732063234698,"cohAnes2016Extended",1
0.795055821371611,"cohAnes2016Extended",1
0.711235383833249,"cohAnes2016Extended",1
0.709527824620573,"cohAnes2016Extended",1
0.727088402270884,"cohAnes2016Extended",1
0.597938144329897,"cohAnes2016Extended",1
0.705039297272307,"cohAnes2016Extended",1
0.56571671629094,"cohAnes2016Extended",1
0.668145956607495,"cohAnes2016Extended",1
0.788782816229117,"cohAnes2016Extended",1
0.724173027989822,"cohAnes2016Extended",1
0.681818181818182,"cohAnes2016Extended",1
0.780104712041885,"cohAnes2016Extended",1
0.480871886120996,"cohAnes2016Extended",1
0.611863615133115,"cohAnes2016Extended",1
0.565069944891903,"cohAnes2016Extended",1
0.568023833167825,"cohAnes2016Extended",1
0.760912698412698,"cohAnes2016Extended",1
0.748456154796212,"cohAnes2016Extended",1
0.781287011448875,"cohAnes2016Extended",1
0.562664329535495,"cohAnes2016Extended",1
0.670433996383363,"cohAnes2016Extended",1
0.605153782211139,"cohAnes2016Extended",1
0.641272902603664,"cohAnes2016Extended",1
0.68668407310705,"cohAnes2016Extended",1
0.740537848605578,"cohAnes2016Extended",1
0.606926882902694,"cohAnes2016Extended",1
0.66248574686431,"cohAnes2016Extended",1
0.632237871674491,"cohAnes2016Extended",1
0.598540145985402,"cohAnes2016Extended",1
0.660953177257525,"cohAnes2016Extended",1
0.618008185538881,"cohAnes2016Extended",1
0.70491029272899,"cohAnes2016Extended",1
0.693264693264693,"cohAnes2016Extended",1
0.681086519114688,"cohAnes2016Extended",1
0.465795206971678,"cohAnes2016Extended",1
0.610131162369968,"cohAnes2016Extended",1
0.543677204658902,"cohAnes2016Extended",1
0.560117302052786,"cohAnes2016Extended",1
0.782796732340221,"cohAnes2016Extended",1
0.592290249433107,"cohAnes2016Extended",1
0.69250645994832,"cohAnes2016Extended",1
0.635545023696682,"cohAnes2016Extended",1
0.750536480686695,"cohAnes2016Extended",1
0.665494726268207,"cohAnes2016Extended",1
0.753660322108346,"cohAnes2016Binary",1
0.765865195112337,"cohAnes2016Binary",1
0.679012345679012,"cohAnes2016Binary",1
0.675398976211984,"cohAnes2016Binary",1
0.662679425837321,"cohAnes2016Binary",1
0.73576512455516,"cohAnes2016Binary",1
0.626225490196078,"cohAnes2016Binary",1
0.550045085662759,"cohAnes2016Binary",1
0.657108361002113,"cohAnes2016Binary",1
0.674257425742574,"cohAnes2016Binary",1
0.784769539078156,"cohAnes2016Binary",1
0.716750313676286,"cohAnes2016Binary",1
0.682432432432432,"cohAnes2016Binary",1
0.748703629836458,"cohAnes2016Binary",1
0.639179954441913,"cohAnes2016Binary",1
0.651508887970236,"cohAnes2016Binary",1
0.644083384426732,"cohAnes2016Binary",1
0.625537139349294,"cohAnes2016Binary",1
0.76343026121242,"cohAnes2016Binary",1
0.734882131875641,"cohAnes2016Binary",1
0.674232309746328,"cohAnes2016Binary",1
0.707494646680942,"cohAnes2016Binary",1
0.77729044834308,"cohAnes2016Binary",1
0.61012548680225,"cohAnes2016Binary",1
0.469510163278907,"cohAnes2016Binary",1
0.754010695187166,"cohAnes2016Binary",1
0.694668820678514,"cohAnes2016Binary",1
0.702989869038794,"cohAnes2016Binary",1
0.652203621455415,"cohAnes2016Binary",1
0.626510721247563,"cohAnes2016Binary",1
0.618914185639229,"cohAnes2016Binary",1
0.589034329464065,"cohAnes2016Binary",1
0.605497771173848,"cohAnes2016Binary",1
0.667662116040956,"cohAnes2016Binary",1
0.618649732620321,"cohAnes2016Binary",1
0.648669201520913,"cohAnes2016Binary",1
0.615095628415301,"cohAnes2016Binary",1
0.571601062545279,"cohAnes2016Binary",1
0.584443905984977,"cohAnes2016Binary",1
0.616701461377871,"cohAnes2016Binary",1
0.639105058365759,"cohAnes2016Binary",1
0.588261449533126,"cohAnes2016Binary",1
0.585609593604264,"cohAnes2016Binary",1
0.607869289763254,"cohAnes2016Binary",1
0.664509169363538,"cohAnes2016Binary",1
0.607089365951073,"cohAnes2016Binary",1
0.40919452887538,"cohAnes2016Binary",1
0.729309035687168,"cohAnes2016Binary",1
0.583797155225727,"cohAnes2016Binary",1
0.517747440273038,"cohAnes2016Binary",1
0.606898907103825,"cohAnes2016Binary",1
0.63794068270845,"cohAnes2016Binary",1
0.409431680773881,"cohAnes2016Binary",1
0.668882426256751,"cohAnes2016Binary",1
0.610438413361169,"cohAnes2016Binary",1
0.585603112840467,"cohFreiraArg",1
0.539961013645224,"cohFreiraArg",1
0.680311890838207,"cohFreiraArg",1
0.54775828460039,"cohFreiraArg",1
0.554307116104869,"cohFreiraArg",1
0.588118811881188,"cohFreiraArg",1
0.653696498054475,"cohFreiraArg",1
0.575581395348837,"cohFreiraArg",1
0.567193675889328,"cohFreiraArg",1
0.63013698630137,"cohFreiraArg",1
0.611214953271028,"cohFreiraArg",1
0.604790419161677,"cohFreiraArg",1
0.623529411764706,"cohFreiraArg",1
0.639846743295019,"cohFreiraArg",1
0.610789980732177,"cohFreiraArg",1
0.595903165735568,"cohFreiraArg",1
0.652859960552268,"cohFreiraArg",1
0.60727969348659,"cohFreiraArg",1
0.616600790513834,"cohFreiraArg",1
0.516917293233083,"cohFreiraArg",1
0.693386773547094,"cohFreiraArg",1
0.616141732283465,"cohFreiraArg",1
0.55410447761194,"cohFreiraArg",1
0.671314741035857,"cohFreiraArg",1
0.571992110453649,"cohFreiraArg",1
0.669811320754717,"cohFreiraArg",1
0.703007518796993,"cohFreiraArg",1
0.605058365758755,"cohFreiraArg",1
0.636363636363636,"cohFreiraBra",1
0.586440677966102,"cohFreiraBra",1
0.628472222222222,"cohFreiraBra",1
0.605442176870748,"cohFreiraBra",1
0.64041095890411,"cohFreiraBra",1
0.737541528239203,"cohFreiraBra",1
0.413919413919414,"cohFreiraBra",1
0.716216216216216,"cohFreiraBra",1
0.783050847457627,"cohFreiraBra",1
0.71523178807947,"cohFreiraBra",1
0.777777777777778,"cohFreiraBra",1
0.680781758957655,"cohFreiraBra",1
0.592057761732852,"cohFreiraBra",1
0.719424460431655,"cohFreiraBra",1
0.696113074204947,"cohFreiraBra",1
0.742957746478873,"cohFreiraBra",1
0.619377162629758,"cohFreiraBra",1
0.769811320754717,"cohFreiraBra",1
0.775438596491228,"cohFreiraBra",1
0.767857142857143,"cohFreiraBra",1
0.681660899653979,"cohFreiraBra",1
0.633962264150943,"cohFreiraBra",1
0.749128919860627,"cohFreiraBra",1
0.695945945945946,"cohFreiraBra",1
0.644444444444444,"cohFreiraBra",1
0.68259385665529,"cohFreiraBra",1
0.705660377358491,"cohFreiraBra",1
0.489130434782609,"cohFreiraBra",1
0.6,"cohFreiraUru",1
0.533557046979866,"cohFreiraUru",1
0.535714285714286,"cohFreiraUru",1
0.540350877192982,"cohFreiraUru",1
0.527397260273973,"cohFreiraUru",1
0.56551724137931,"cohFreiraUru",1
0.508896797153025,"cohFreiraUru",1
0.586885245901639,"cohFreiraUru",1
0.684210526315789,"cohFreiraUru",1
0.602739726027397,"cohFreiraUru",1
0.620338983050847,"cohFreiraUru",1
0.531986531986532,"cohFreiraUru",1
0.568965517241379,"cohFreiraUru",1
0.67109634551495,"cohFreiraUru",1
0.565789473684211,"cohFreiraUru",1
0.703225806451613,"cohFreiraUru",1
0.605769230769231,"cohFreiraUru",1
0.551495016611296,"cohFreiraUru",1
0.653846153846154,"cohFreiraUru",1
0.57439446366782,"cohFreiraUru",1
0.538983050847458,"cohFreiraUru",1
0.608540925266904,"cohFreiraUru",1
0.464406779661017,"cohFreiraUru",1
0.313131313131313,"cohFreiraUru",1
0.884745762711864,"cohFreiraUru",1
0.67109634551495,"cohFreiraUru",1
0.444827586206897,"cohFreiraUru",1
0.310580204778157,"cohFreiraUru",1
0.72265625,"cohFreiraUSA",1
0.499005964214712,"cohFreiraUSA",1
0.808586762075134,"cohFreiraUSA",1
0.386792452830189,"cohFreiraUSA",1
0.393536121673004,"cohFreiraUSA",1
0.373563218390805,"cohFreiraUSA",1
0.638603696098563,"cohFreiraUSA",1
0.749063670411985,"cohFreiraUSA",1
0.564356435643564,"cohFreiraUSA",1
0.538767395626243,"cohFreiraUSA",1
0.570281124497992,"cohFreiraUSA",1
0.532567049808429,"cohFreiraUSA",1
0.674698795180723,"cohFreiraUSA",1
0.682092555331992,"cohFreiraUSA",1
0.615541922290389,"cohFreiraUSA",1
0.344202898550725,"cohFreiraUSA",1
0.355839416058394,"cohFreiraUSA",1
0.419889502762431,"cohFreiraUSA",1
0.798464491362764,"cohFreiraUSA",1
0.711538461538462,"cohFreiraUSA",1
0.710371819960861,"cohFreiraUSA",1
0.672566371681416,"cohPew2020",1
0.737991266375546,"cohPew2020",1
0.678403755868545,"cohPew2020",1
0.710112359550562,"cohPew2020",1
0.657236126224157,"cohPew2020",1
0.675263774912075,"cohPew2020",1
0.534231200897868,"cohPew2020",1
0.654970760233918,"cohPew2020",1
0.689655172413793,"cohPew2020",1
0.585336538461538,"cohPew2020",1
0.518064911206369,"cohPew2014",0
0.518495872821767,"cohPew2014",0
0.51039119804401,"cohPew2014",0
0.55565749235474,"cohPew2014",0
0.607591062136517,"cohPew2014",0
0.551745254133497,"cohPew2014",0
0.541973039215686,"cohPew2014",0
0.524610210944665,"cohPew2014",0
0.565004588559192,"cohPew2014",0
0.452461021094467,"cohPew2014",0
